{"cameraMode":{"drawMode":0,"name":"Shaded","section":"Shading Mode"},"sceneLighting":true,"audioPlay":false,"sceneViewState":{"m_AlwaysRefresh":false,"showFog":true,"showSkybox":true,"showFlares":true,"showImageEffects":true,"showParticleSystems":true,"showVisualEffectGraphs":true,"m_FxEnabled":true},"in2DMode":false,"pivot":{"x":7.545588493347168,"y":-4.4092912673950199,"z":19.402402877807618},"rotation":{"x":0.13763819634914399,"y":0.20513811707496644,"z":-0.029670920222997667,"w":0.9683929681777954},"size":22.156606674194337,"orthographic":false}